{"cameraMode":{"drawMode":0,"name":"Shaded","section":"Shading Mode"},"sceneLighting":true,"audioPlay":false,"sceneViewState":{"showFog":true,"showMaterialUpdate":false,"showSkybox":true,"showFlares":true,"showImageEffects":true,"showParticleSystems":true},"in2DMode":false,"pivot":{"x":-6.299320220947266,"y":1.1107044219970704,"z":-9.68661880493164},"rotation":{"x":-0.028744306415319444,"y":-0.06532952189445496,"z":0.0018826969899237156,"w":-0.9974479079246521},"size":38.82918930053711,"orthographic":false}