{"cameraMode":{"drawMode":0,"name":"Shaded","section":"Shading Mode"},"sceneLighting":false,"audioPlay":false,"sceneViewState":{"showFog":true,"showMaterialUpdate":false,"showSkybox":true,"showFlares":true,"showImageEffects":true,"showParticleSystems":true},"in2DMode":false,"pivot":{"x":19.209999084472658,"y":2.390000104904175,"z":0.0},"rotation":{"x":-0.10212451964616776,"y":-0.011342952027916909,"z":0.0011645621852949262,"w":-0.9947063326835632},"size":9.547683715820313,"orthographic":false}