{"cameraMode":{"drawMode":0,"name":"Shaded","section":"Shading Mode"},"sceneLighting":false,"audioPlay":false,"sceneViewState":{"showFog":true,"showMaterialUpdate":false,"showSkybox":true,"showFlares":true,"showImageEffects":true,"showParticleSystems":true},"in2DMode":false,"pivot":{"x":4.251896858215332,"y":-2.915315866470337,"z":-10.0},"rotation":{"x":0.18251943588256837,"y":0.023594260215759279,"z":-0.004381232429295778,"w":0.9829093813896179},"size":5.369402885437012,"orthographic":true}