{"cameraMode":{"drawMode":0,"name":"Shaded","section":"Shading Mode"},"sceneLighting":true,"audioPlay":false,"sceneViewState":{"showFog":true,"showMaterialUpdate":false,"showSkybox":true,"showFlares":true,"showImageEffects":true,"showParticleSystems":true},"in2DMode":false,"pivot":{"x":19.209999084472658,"y":3.390000104904175,"z":-10.0},"rotation":{"x":0.042561355978250507,"y":0.03595949336886406,"z":-0.0015328096924349666,"w":0.9984453320503235},"size":28.694931030273439,"orthographic":true}