{"cameraMode":{"drawMode":0,"name":"Shaded","section":"Shading Mode"},"sceneLighting":false,"audioPlay":false,"sceneViewState":{"showFog":true,"showMaterialUpdate":false,"showSkybox":true,"showFlares":true,"showImageEffects":true,"showParticleSystems":true},"in2DMode":false,"pivot":{"x":-13.378496170043946,"y":-4.811345100402832,"z":5.250709533691406},"rotation":{"x":-0.01073678769171238,"y":-0.11613745987415314,"z":0.001256472198292613,"w":-0.9931743741035461},"size":5.484588623046875,"orthographic":true}